<?xml version="1.0" encoding="UTF-8"?>
<project-private xmlns="http://www.netbeans.org/ns/project-private/1">
    <editor-bookmarks xmlns="http://www.netbeans.org/ns/editor-bookmarks/2" lastBookmarkId="0"/>
    <open-files xmlns="http://www.netbeans.org/ns/projectui-open-files/2">
        <group>
            <file>file:/C:/Users/RIDDHI%20HAKANI/Documents/NetBeansProjects/java-master/medicalstore/src/login/list.java</file>
            <file>file:/C:/Users/RIDDHI%20HAKANI/Documents/NetBeansProjects/java-master/medicalstore/src/login/medicalstore.java</file>
            <file>file:/C:/Users/RIDDHI%20HAKANI/Documents/NetBeansProjects/java-master/medicalstore/src/login/search.java</file>
            <file>file:/C:/Users/RIDDHI%20HAKANI/Documents/NetBeansProjects/java-master/medicalstore/src/login/Records.java</file>
            <file>file:/C:/Users/RIDDHI%20HAKANI/Documents/NetBeansProjects/java-master/medicalstore/src/login/string.java</file>
        </group>
    </open-files>
</project-private>
